namefile,data,time
tangsoy_2018-03-05-1319.jpg,2018-03-05,13:19
tangsoy_2018-03-05-1321.jpg,2018-03-05,13:21
tangsoy_2018-03-05-1329.jpg,2018-03-05,13:29
tangsoy_2018-03-05-1333.jpg,2018-03-05,13:33
tangsoy_2018-03-05-1338.jpg,2018-03-05,13:38
tangsoy_2018-03-05-1341.jpg,2018-03-05,13:41
tangsoy_2018-03-05-1342.jpg,2018-03-05,13:42
tangsoy_2018-03-05-1350.jpg,2018-03-05,13:50
tangsoy_2018-03-05-1401.jpg,2018-03-05,14:01
tangsoy_2018-03-05-1408.jpg,2018-03-05,14:08
tangsoy_2018-03-05-1414.jpg,2018-03-05,14:14
tangsoy_2018-03-05-1417.jpg,2018-03-05,14:17
tangsoy_2018-03-05-1423.jpg,2018-03-05,14:23
tangsoy_2018-03-05-1427.jpg,2018-03-05,14:27
tangsoy_2018-03-05-1429.jpg,2018-03-05,14:29
tangsoy_2018-03-05-1434.jpg,2018-03-05,14:34
tangsoy_2018-03-05-1438.jpg,2018-03-05,14:38
tangsoy_2018-03-05-1439.jpg,2018-03-05,14:39
tangsoy_2018-03-05-1441.jpg,2018-03-05,14:41
tangsoy_2018-03-05-1446.jpg,2018-03-05,14:46
tangsoy_2018-03-05-1453.jpg,2018-03-05,14:53
tangsoy_2018-03-05-1456.jpg,2018-03-05,14:56
tangsoy_2018-03-05-1501.jpg,2018-03-05,15:01
tangsoy_2018-03-05-1504.jpg,2018-03-05,15:04
tangsoy_2018-03-05-1508.jpg,2018-03-05,15:08
tangsoy_2018-03-05-1511.jpg,2018-03-05,15:11
tangsoy_2018-03-05-1513.jpg,2018-03-05,15:13
tangsoy_2018-03-05-1514.jpg,2018-03-05,15:14
tangsoy_2018-03-05-1525.jpg,2018-03-05,15:25
tangsoy_2018-03-05-1526.jpg,2018-03-05,15:26
tangsoy_2018-03-05-1531.jpg,2018-03-05,15:31
tangsoy_2018-03-05-1541.jpg,2018-03-05,15:41
tangsoy_2018-03-05-1543.jpg,2018-03-05,15:43
tangsoy_2018-03-05-1544.jpg,2018-03-05,15:44
tangsoy_2018-03-05-1550.jpg,2018-03-05,15:50
tangsoy_2018-03-05-1556.jpg,2018-03-05,15:56
tangsoy_2018-03-05-1557.jpg,2018-03-05,15:57
tangsoy_2018-03-05-1605.jpg,2018-03-05,16:05
tangsoy_2018-03-05-1606.jpg,2018-03-05,16:06
tangsoy_2018-03-05-1612.jpg,2018-03-05,16:12
tangsoy_2018-03-05-1616.jpg,2018-03-05,16:16
tangsoy_2018-03-05-1617.jpg,2018-03-05,16:17
tangsoy_2018-03-05-1619.jpg,2018-03-05,16:19
tangsoy_2018-03-05-1628.jpg,2018-03-05,16:28
tangsoy_2018-03-05-1629.jpg,2018-03-05,16:29
tangsoy_2018-03-05-1634.jpg,2018-03-05,16:34
tangsoy_2018-03-05-1637.jpg,2018-03-05,16:37
tangsoy_2018-03-05-1643.jpg,2018-03-05,16:43
tangsoy_2018-03-05-1645.jpg,2018-03-05,16:45
tangsoy_2018-03-05-1652.jpg,2018-03-05,16:52
tangsoy_2018-03-05-1654.jpg,2018-03-05,16:54
tangsoy_2018-03-05-1655.jpg,2018-03-05,16:55
tangsoy_2018-03-06-0908.jpg,2018-03-06,09:08
tangsoy_2018-03-06-0938.jpg,2018-03-06,09:38
tangsoy_2018-03-06-1008.jpg,2018-03-06,10:08
tangsoy_2018-03-06-1038.jpg,2018-03-06,10:38
tangsoy_2018-03-06-1109.jpg,2018-03-06,11:09
tangsoy_2018-03-06-1139.jpg,2018-03-06,11:39
tangsoy_2018-03-06-1203.jpg,2018-03-06,12:03
tangsoy_2018-03-06-1204.jpg,2018-03-06,12:04
tangsoy_2018-03-06-1207.jpg,2018-03-06,12:07
tangsoy_2018-03-06-1235.jpg,2018-03-06,12:35
tangsoy_2018-03-06-1239.jpg,2018-03-06,12:39
tangsoy_2018-03-06-1249.jpg,2018-03-06,12:49
tangsoy_2018-03-06-1251.jpg,2018-03-06,12:51
tangsoy_2018-03-06-1253.jpg,2018-03-06,12:53
tangsoy_2018-03-06-1255.jpg,2018-03-06,12:55
tangsoy_2018-03-06-1257.jpg,2018-03-06,12:57
tangsoy_2018-03-06-1302.jpg,2018-03-06,13:02
tangsoy_2018-03-06-1309.jpg,2018-03-06,13:09
tangsoy_2018-03-06-1313.jpg,2018-03-06,13:13
tangsoy_2018-03-06-1341.jpg,2018-03-06,13:41
tangsoy_2018-03-06-1347.jpg,2018-03-06,13:47
tangsoy_2018-03-06-1354.jpg,2018-03-06,13:54
tangsoy_2018-03-06-1357.jpg,2018-03-06,13:57
tangsoy_2018-03-06-1359.jpg,2018-03-06,13:59
tangsoy_2018-03-06-1443.jpg,2018-03-06,14:43
tangsoy_2018-03-06-1459.jpg,2018-03-06,14:59
tangsoy_2018-03-06-1501.jpg,2018-03-06,15:01
tangsoy_2018-03-06-1505.jpg,2018-03-06,15:05
tangsoy_2018-03-06-1509.jpg,2018-03-06,15:09
tangsoy_2018-03-06-1510.jpg,2018-03-06,15:10
tangsoy_2018-03-06-1512.jpg,2018-03-06,15:12
tangsoy_2018-03-06-1514.jpg,2018-03-06,15:14
tangsoy_2018-03-06-1516.jpg,2018-03-06,15:16
tangsoy_2018-03-06-1519.jpg,2018-03-06,15:19
tangsoy_2018-03-06-1522.jpg,2018-03-06,15:22
tangsoy_2018-03-06-1527.jpg,2018-03-06,15:27
tangsoy_2018-03-06-1528.jpg,2018-03-06,15:28
tangsoy_2018-03-06-1531.jpg,2018-03-06,15:31
tangsoy_2018-03-06-1532.jpg,2018-03-06,15:32
tangsoy_2018-03-06-1537.jpg,2018-03-06,15:37
tangsoy_2018-03-06-1538.jpg,2018-03-06,15:38
tangsoy_2018-03-06-1548.jpg,2018-03-06,15:48
tangsoy_2018-03-06-1620.jpg,2018-03-06,16:20
tangsoy_2018-03-06-1621.jpg,2018-03-06,16:21
tangsoy_2018-03-06-1623.jpg,2018-03-06,16:23
tangsoy_2018-03-06-1633.jpg,2018-03-06,16:33
tangsoy_2018-03-06-1643.jpg,2018-03-06,16:43
tangsoy_2018-03-06-1650.jpg,2018-03-06,16:50
tangsoy_2018-03-06-1652.jpg,2018-03-06,16:52
tangsoy_2018-03-06-1656.jpg,2018-03-06,16:56
tangsoy_2018-03-07-0903.jpg,2018-03-07,09:03
tangsoy_2018-03-07-0911.jpg,2018-03-07,09:11
tangsoy_2018-03-07-0929.jpg,2018-03-07,09:29
tangsoy_2018-03-07-0930.jpg,2018-03-07,09:30
tangsoy_2018-03-07-0931.jpg,2018-03-07,09:31
tangsoy_2018-03-07-0934.jpg,2018-03-07,09:34
tangsoy_2018-03-07-0936.jpg,2018-03-07,09:36
tangsoy_2018-03-07-0938.jpg,2018-03-07,09:38
tangsoy_2018-03-07-0939.jpg,2018-03-07,09:39
tangsoy_2018-03-07-0950.jpg,2018-03-07,09:50
tangsoy_2018-03-07-0952.jpg,2018-03-07,09:52
tangsoy_2018-03-07-0958.jpg,2018-03-07,09:58
tangsoy_2018-03-07-1002.jpg,2018-03-07,10:02
tangsoy_2018-03-07-1007.jpg,2018-03-07,10:07
tangsoy_2018-03-07-1010.jpg,2018-03-07,10:10
tangsoy_2018-03-07-1017.jpg,2018-03-07,10:17
tangsoy_2018-03-07-1028.jpg,2018-03-07,10:28
tangsoy_2018-03-07-1031.jpg,2018-03-07,10:31
tangsoy_2018-03-07-1041.jpg,2018-03-07,10:41
tangsoy_2018-03-07-1043.jpg,2018-03-07,10:43
tangsoy_2018-03-07-1044.jpg,2018-03-07,10:44
tangsoy_2018-03-07-1046.jpg,2018-03-07,10:46
tangsoy_2018-03-07-1052.jpg,2018-03-07,10:52
tangsoy_2018-03-07-1057.jpg,2018-03-07,10:57
tangsoy_2018-03-07-1059.jpg,2018-03-07,10:59
tangsoy_2018-03-07-1121.jpg,2018-03-07,11:21
tangsoy_2018-03-07-1128.jpg,2018-03-07,11:28
tangsoy_2018-03-07-1132.jpg,2018-03-07,11:32
tangsoy_2018-03-07-1138.jpg,2018-03-07,11:38
tangsoy_2018-03-07-1140.jpg,2018-03-07,11:40
tangsoy_2018-03-07-1147.jpg,2018-03-07,11:47
tangsoy_2018-03-07-1200.jpg,2018-03-07,12:00
tangsoy_2018-03-07-1204.jpg,2018-03-07,12:04
tangsoy_2018-03-07-1211.jpg,2018-03-07,12:11
tangsoy_2018-03-07-1216.jpg,2018-03-07,12:16
tangsoy_2018-03-07-1238.jpg,2018-03-07,12:38
tangsoy_2018-03-07-1242.jpg,2018-03-07,12:42
tangsoy_2018-03-07-1246.jpg,2018-03-07,12:46
tangsoy_2018-03-07-1249.jpg,2018-03-07,12:49
tangsoy_2018-03-07-1251.jpg,2018-03-07,12:51
tangsoy_2018-03-07-1259.jpg,2018-03-07,12:59
tangsoy_2018-03-07-1301.jpg,2018-03-07,13:01
tangsoy_2018-03-07-1302.jpg,2018-03-07,13:02
tangsoy_2018-03-07-1307.jpg,2018-03-07,13:07
tangsoy_2018-03-07-1315.jpg,2018-03-07,13:15
tangsoy_2018-03-07-1322.jpg,2018-03-07,13:22
tangsoy_2018-03-07-1331.jpg,2018-03-07,13:31
tangsoy_2018-03-07-1333.jpg,2018-03-07,13:33
tangsoy_2018-03-07-1335.jpg,2018-03-07,13:35
tangsoy_2018-03-07-1336.jpg,2018-03-07,13:36
tangsoy_2018-03-07-1343.jpg,2018-03-07,13:43
tangsoy_2018-03-07-1348.jpg,2018-03-07,13:48
tangsoy_2018-03-07-1354.jpg,2018-03-07,13:54
tangsoy_2018-03-07-1357.jpg,2018-03-07,13:57
tangsoy_2018-03-07-1359.jpg,2018-03-07,13:59
tangsoy_2018-03-07-1405.jpg,2018-03-07,14:05
tangsoy_2018-03-07-1408.jpg,2018-03-07,14:08
tangsoy_2018-03-07-1412.jpg,2018-03-07,14:12
tangsoy_2018-03-07-1414.jpg,2018-03-07,14:14
tangsoy_2018-03-07-1416.jpg,2018-03-07,14:16
tangsoy_2018-03-07-1419.jpg,2018-03-07,14:19
tangsoy_2018-03-07-1421.jpg,2018-03-07,14:21
tangsoy_2018-03-07-1423.jpg,2018-03-07,14:23
tangsoy_2018-03-07-1425.jpg,2018-03-07,14:25
tangsoy_2018-03-07-1430.jpg,2018-03-07,14:30
tangsoy_2018-03-07-1436.jpg,2018-03-07,14:36
tangsoy_2018-03-07-1438.jpg,2018-03-07,14:38
tangsoy_2018-03-07-1443.jpg,2018-03-07,14:43
tangsoy_2018-03-07-1450.jpg,2018-03-07,14:50
tangsoy_2018-03-07-1451.jpg,2018-03-07,14:51
tangsoy_2018-03-07-1453.jpg,2018-03-07,14:53
tangsoy_2018-03-07-1455.jpg,2018-03-07,14:55
tangsoy_2018-03-07-1519.jpg,2018-03-07,15:19
tangsoy_2018-03-07-1524.jpg,2018-03-07,15:24
tangsoy_2018-03-07-1526.jpg,2018-03-07,15:26
tangsoy_2018-03-07-1603.jpg,2018-03-07,16:03
tangsoy_2018-03-07-1611.jpg,2018-03-07,16:11
tangsoy_2018-03-07-1619.jpg,2018-03-07,16:19
tangsoy_2018-03-07-1621.jpg,2018-03-07,16:21
tangsoy_2018-03-07-1633.jpg,2018-03-07,16:33
tangsoy_2018-03-07-1642.jpg,2018-03-07,16:42
tangsoy_2018-03-07-1646.jpg,2018-03-07,16:46
tangsoy_2018-03-07-1650.jpg,2018-03-07,16:50
tangsoy_2018-03-08-0902.jpg,2018-03-08,09:02
tangsoy_2018-03-08-0904.jpg,2018-03-08,09:04
tangsoy_2018-03-08-0906.jpg,2018-03-08,09:06
tangsoy_2018-03-08-0909.jpg,2018-03-08,09:09
tangsoy_2018-03-08-0912.jpg,2018-03-08,09:12
tangsoy_2018-03-08-0915.jpg,2018-03-08,09:15
tangsoy_2018-03-08-0918.jpg,2018-03-08,09:18
tangsoy_2018-03-08-0920.jpg,2018-03-08,09:20
tangsoy_2018-03-08-0923.jpg,2018-03-08,09:23
tangsoy_2018-03-08-0925.jpg,2018-03-08,09:25
tangsoy_2018-03-08-0928.jpg,2018-03-08,09:28
tangsoy_2018-03-08-0931.jpg,2018-03-08,09:31
tangsoy_2018-03-08-0943.jpg,2018-03-08,09:43
tangsoy_2018-03-08-0948.jpg,2018-03-08,09:48
tangsoy_2018-03-08-0952.jpg,2018-03-08,09:52
tangsoy_2018-03-08-0953.jpg,2018-03-08,09:53
tangsoy_2018-03-08-1023.jpg,2018-03-08,10:23
tangsoy_2018-03-08-1032.jpg,2018-03-08,10:32
tangsoy_2018-03-08-1038.jpg,2018-03-08,10:38
tangsoy_2018-03-08-1041.jpg,2018-03-08,10:41
tangsoy_2018-03-08-1044.jpg,2018-03-08,10:44
tangsoy_2018-03-08-1048.jpg,2018-03-08,10:48
tangsoy_2018-03-08-1050.jpg,2018-03-08,10:50
tangsoy_2018-03-08-1051.jpg,2018-03-08,10:51
tangsoy_2018-03-08-1114.jpg,2018-03-08,11:14
tangsoy_2018-03-08-1126.jpg,2018-03-08,11:26
tangsoy_2018-03-08-1131.jpg,2018-03-08,11:31
tangsoy_2018-03-08-1136.jpg,2018-03-08,11:36
tangsoy_2018-03-08-1142.jpg,2018-03-08,11:42
tangsoy_2018-03-08-1145.jpg,2018-03-08,11:45
tangsoy_2018-03-08-1150.jpg,2018-03-08,11:50
tangsoy_2018-03-08-1153.jpg,2018-03-08,11:53
tangsoy_2018-03-08-1157.jpg,2018-03-08,11:57
tangsoy_2018-03-08-1203.jpg,2018-03-08,12:03
tangsoy_2018-03-08-1210.jpg,2018-03-08,12:10
tangsoy_2018-03-08-1218.jpg,2018-03-08,12:18
tangsoy_2018-03-08-1221.jpg,2018-03-08,12:21
tangsoy_2018-03-08-1230.jpg,2018-03-08,12:30
tangsoy_2018-03-08-1233.jpg,2018-03-08,12:33
tangsoy_2018-03-08-1234.jpg,2018-03-08,12:34
tangsoy_2018-03-08-1236.jpg,2018-03-08,12:36
tangsoy_2018-03-08-1244.jpg,2018-03-08,12:44
tangsoy_2018-03-08-1246.jpg,2018-03-08,12:46
tangsoy_2018-03-08-1248.jpg,2018-03-08,12:48
tangsoy_2018-03-08-1258.jpg,2018-03-08,12:58
tangsoy_2018-03-08-1303.jpg,2018-03-08,13:03
tangsoy_2018-03-08-1305.jpg,2018-03-08,13:05
tangsoy_2018-03-08-1307.jpg,2018-03-08,13:07
tangsoy_2018-03-08-1311.jpg,2018-03-08,13:11
tangsoy_2018-03-08-1313.jpg,2018-03-08,13:13
tangsoy_2018-03-08-1329.jpg,2018-03-08,13:29
tangsoy_2018-03-08-1338.jpg,2018-03-08,13:38
tangsoy_2018-03-08-1417.jpg,2018-03-08,14:17
tangsoy_2018-03-08-1537.jpg,2018-03-08,15:37
tangsoy_2018-03-08-1636.jpg,2018-03-08,16:36
tangsoy_2018-03-08-1643.jpg,2018-03-08,16:43
tangsoy_2018-03-09-0906.jpg,2018-03-09,09:06
tangsoy_2018-03-09-0911.jpg,2018-03-09,09:11
tangsoy_2018-03-09-0914.jpg,2018-03-09,09:14
tangsoy_2018-03-09-0921.jpg,2018-03-09,09:21
tangsoy_2018-03-09-0941.jpg,2018-03-09,09:41
tangsoy_2018-03-09-0944.jpg,2018-03-09,09:44
tangsoy_2018-03-09-1019.jpg,2018-03-09,10:19
tangsoy_2018-03-09-1026.jpg,2018-03-09,10:26
tangsoy_2018-03-09-1033.jpg,2018-03-09,10:33
tangsoy_2018-03-09-1037.jpg,2018-03-09,10:37
tangsoy_2018-03-09-1040.jpg,2018-03-09,10:40
tangsoy_2018-03-09-1041.jpg,2018-03-09,10:41
tangsoy_2018-03-09-1043.jpg,2018-03-09,10:43
tangsoy_2018-03-09-1112.jpg,2018-03-09,11:12
tangsoy_2018-03-09-1122.jpg,2018-03-09,11:22
tangsoy_2018-03-09-1128.jpg,2018-03-09,11:28
tangsoy_2018-03-09-1130.jpg,2018-03-09,11:30
tangsoy_2018-03-09-1132.jpg,2018-03-09,11:32
tangsoy_2018-03-09-1135.jpg,2018-03-09,11:35
tangsoy_2018-03-09-1141.jpg,2018-03-09,11:41
tangsoy_2018-03-09-1146.jpg,2018-03-09,11:46
tangsoy_2018-03-09-1151.jpg,2018-03-09,11:51
tangsoy_2018-03-09-1214.jpg,2018-03-09,12:14
tangsoy_2018-03-09-1303.jpg,2018-03-09,13:03
tangsoy_2018-03-09-1309.jpg,2018-03-09,13:09
tangsoy_2018-03-09-1316.jpg,2018-03-09,13:16
tangsoy_2018-03-09-1321.jpg,2018-03-09,13:21
tangsoy_2018-03-09-1423.jpg,2018-03-09,14:23
tangsoy_2018-03-09-1427.jpg,2018-03-09,14:27
tangsoy_2018-03-09-1439.jpg,2018-03-09,14:39
tangsoy_2018-03-09-1445.jpg,2018-03-09,14:45
tangsoy_2018-03-09-1448.jpg,2018-03-09,14:48
tangsoy_2018-03-09-1500.jpg,2018-03-09,15:00
tangsoy_2018-03-09-1511.jpg,2018-03-09,15:11
tangsoy_2018-03-09-1515.jpg,2018-03-09,15:15
tangsoy_2018-03-09-1529.jpg,2018-03-09,15:29
tangsoy_2018-03-09-1544.jpg,2018-03-09,15:44
tangsoy_2018-03-09-1551.jpg,2018-03-09,15:51
tangsoy_2018-03-09-1557.jpg,2018-03-09,15:57
tangsoy_2018-03-09-1606.jpg,2018-03-09,16:06
tangsoy_2018-03-09-1618.jpg,2018-03-09,16:18
tangsoy_2018-03-09-1621.jpg,2018-03-09,16:21
tangsoy_2018-03-09-1625.jpg,2018-03-09,16:25
tangsoy_2018-03-09-1632.jpg,2018-03-09,16:32
tangsoy_2018-03-09-1634.jpg,2018-03-09,16:34
tangsoy_2018-03-09-1638.jpg,2018-03-09,16:38
tangsoy_2018-03-09-1640.jpg,2018-03-09,16:40
tangsoy_2018-03-09-1656.jpg,2018-03-09,16:56
tangsoy_2018-03-10-0921.jpg,2018-03-10,09:21
tangsoy_2018-03-10-0926.jpg,2018-03-10,09:26
tangsoy_2018-03-10-0937.jpg,2018-03-10,09:37
tangsoy_2018-03-10-0939.jpg,2018-03-10,09:39
tangsoy_2018-03-10-0944.jpg,2018-03-10,09:44
tangsoy_2018-03-10-0948.jpg,2018-03-10,09:48
tangsoy_2018-03-10-0951.jpg,2018-03-10,09:51
tangsoy_2018-03-10-0952.jpg,2018-03-10,09:52
tangsoy_2018-03-10-0955.jpg,2018-03-10,09:55
tangsoy_2018-03-10-1009.jpg,2018-03-10,10:09
tangsoy_2018-03-10-1037.jpg,2018-03-10,10:37
tangsoy_2018-03-10-1044.jpg,2018-03-10,10:44
tangsoy_2018-03-10-1046.jpg,2018-03-10,10:46
tangsoy_2018-03-10-1049.jpg,2018-03-10,10:49
tangsoy_2018-03-10-1055.jpg,2018-03-10,10:55
tangsoy_2018-03-10-1056.jpg,2018-03-10,10:56
tangsoy_2018-03-10-1058.jpg,2018-03-10,10:58
tangsoy_2018-03-10-1101.jpg,2018-03-10,11:01
tangsoy_2018-03-10-1107.jpg,2018-03-10,11:07
tangsoy_2018-03-10-1115.jpg,2018-03-10,11:15
tangsoy_2018-03-10-1117.jpg,2018-03-10,11:17
tangsoy_2018-03-10-1121.jpg,2018-03-10,11:21
tangsoy_2018-03-10-1124.jpg,2018-03-10,11:24
tangsoy_2018-03-10-1125.jpg,2018-03-10,11:25
tangsoy_2018-03-10-1129.jpg,2018-03-10,11:29
tangsoy_2018-03-10-1131.jpg,2018-03-10,11:31
tangsoy_2018-03-10-1203.jpg,2018-03-10,12:03
tangsoy_2018-03-10-1204.jpg,2018-03-10,12:04
tangsoy_2018-03-10-1205.jpg,2018-03-10,12:05
tangsoy_2018-03-10-1214.jpg,2018-03-10,12:14
tangsoy_2018-03-10-1221.jpg,2018-03-10,12:21
tangsoy_2018-03-10-1223.jpg,2018-03-10,12:23
tangsoy_2018-03-10-1226.jpg,2018-03-10,12:26
tangsoy_2018-03-10-1240.jpg,2018-03-10,12:40
tangsoy_2018-03-10-1304.jpg,2018-03-10,13:04
tangsoy_2018-03-10-1313.jpg,2018-03-10,13:13
tangsoy_2018-03-10-1314.jpg,2018-03-10,13:14
tangsoy_2018-03-10-1318.jpg,2018-03-10,13:18
tangsoy_2018-03-10-1359.jpg,2018-03-10,13:59
tangsoy_2018-03-10-1428.jpg,2018-03-10,14:28
tangsoy_2018-03-10-1434.jpg,2018-03-10,14:34
tangsoy_2018-03-10-1438.jpg,2018-03-10,14:38
tangsoy_2018-03-10-1439.jpg,2018-03-10,14:39
tangsoy_2018-03-10-1441.jpg,2018-03-10,14:41
tangsoy_2018-03-10-1444.jpg,2018-03-10,14:44
tangsoy_2018-03-10-1449.jpg,2018-03-10,14:49
tangsoy_2018-03-10-1451.jpg,2018-03-10,14:51
tangsoy_2018-03-10-1459.jpg,2018-03-10,14:59
tangsoy_2018-03-10-1502.jpg,2018-03-10,15:02
tangsoy_2018-03-10-1506.jpg,2018-03-10,15:06
tangsoy_2018-03-10-1513.jpg,2018-03-10,15:13
tangsoy_2018-03-10-1515.jpg,2018-03-10,15:15
tangsoy_2018-03-10-1519.jpg,2018-03-10,15:19
tangsoy_2018-03-10-1523.jpg,2018-03-10,15:23
tangsoy_2018-03-10-1527.jpg,2018-03-10,15:27
tangsoy_2018-03-10-1536.jpg,2018-03-10,15:36
tangsoy_2018-03-10-1540.jpg,2018-03-10,15:40
tangsoy_2018-03-10-1554.jpg,2018-03-10,15:54
tangsoy_2018-03-10-1558.jpg,2018-03-10,15:58
tangsoy_2018-03-10-1610.jpg,2018-03-10,16:10
tangsoy_2018-03-10-1611.jpg,2018-03-10,16:11
tangsoy_2018-03-10-1624.jpg,2018-03-10,16:24
tangsoy_2018-03-10-1642.jpg,2018-03-10,16:42
tangsoy_2018-03-10-1651.jpg,2018-03-10,16:51
tangsoy_2018-03-20-0941.jpg,2018-03-20,09:41
tangsoy_2018-03-20-0942.jpg,2018-03-20,09:42
tangsoy_2018-03-20-1000.jpg,2018-03-20,10:00
tangsoy_2018-03-20-1109.jpg,2018-03-20,11:09
tangsoy_2018-03-20-1210.jpg,2018-03-20,12:10
tangsoy_2018-03-20-1310.jpg,2018-03-20,13:10
tangsoy_2018-03-20-1441.jpg,2018-03-20,14:41
tangsoy_2018-03-20-1511.jpg,2018-03-20,15:11
tangsoy_2018-03-20-1541.jpg,2018-03-20,15:41
tangsoy_2018-03-20-1611.jpg,2018-03-20,16:11
tangsoy_2018-03-21-0901.jpg,2018-03-21,09:01
tangsoy_2018-03-21-0902.jpg,2018-03-21,09:02
tangsoy_2018-03-21-0933.jpg,2018-03-21,09:33
tangsoy_2018-03-21-1033.jpg,2018-03-21,10:33
tangsoy_2018-03-21-1103.jpg,2018-03-21,11:03
tangsoy_2018-03-21-1233.jpg,2018-03-21,12:33
tangsoy_2018-03-21-1505.jpg,2018-03-21,15:05
tangsoy_2018-03-22-0901.jpg,2018-03-22,09:01
tangsoy_2018-03-22-0931.jpg,2018-03-22,09:31
tangsoy_2018-03-22-1031.jpg,2018-03-22,10:31
tangsoy_2018-03-22-1132.jpg,2018-03-22,11:32
tangsoy_2018-03-22-1232.jpg,2018-03-22,12:32
tangsoy_2018-03-22-1402.jpg,2018-03-22,14:02
tangsoy_2018-03-22-1502.jpg,2018-03-22,15:02
tangsoy_2018-03-22-1602.jpg,2018-03-22,16:02
tangsoy_2018-03-22-1633.jpg,2018-03-22,16:33
tangsoy_2018-03-23-0901.jpg,2018-03-23,09:01
tangsoy_2018-03-23-0931.jpg,2018-03-23,09:31
tangsoy_2018-03-23-1001.jpg,2018-03-23,10:01
tangsoy_2018-03-23-1031.jpg,2018-03-23,10:31
tangsoy_2018-03-23-1102.jpg,2018-03-23,11:02
tangsoy_2018-03-23-1132.jpg,2018-03-23,11:32
tangsoy_2018-03-23-1202.jpg,2018-03-23,12:02
tangsoy_2018-03-23-1203.jpg,2018-03-23,12:03
tangsoy_2018-03-23-1233.jpg,2018-03-23,12:33
tangsoy_2018-03-23-1334.jpg,2018-03-23,13:34
tangsoy_2018-03-23-1505.jpg,2018-03-23,15:05
tangsoy_2018-03-23-1535.jpg,2018-03-23,15:35
tangsoy_2018-03-23-1605.jpg,2018-03-23,16:05
tangsoy_2018-03-24-0901.jpg,2018-03-24,09:01
tangsoy_2018-03-24-0931.jpg,2018-03-24,09:31
tangsoy_2018-03-24-1031.jpg,2018-03-24,10:31
tangsoy_2018-03-24-1132.jpg,2018-03-24,11:32
tangsoy_2018-03-24-1202.jpg,2018-03-24,12:02
tangsoy_2018-03-24-1302.jpg,2018-03-24,13:02
tangsoy_2018-03-24-1332.jpg,2018-03-24,13:32
tangsoy_2018-03-24-1402.jpg,2018-03-24,14:02
tangsoy_2018-03-24-1432.jpg,2018-03-24,14:32
tangsoy_2018-03-24-1532.jpg,2018-03-24,15:32
tangsoy_2018-03-25-0901.jpg,2018-03-25,09:01
tangsoy_2018-03-25-1032.jpg,2018-03-25,10:32
tangsoy_2018-03-25-1102.jpg,2018-03-25,11:02
tangsoy_2018-03-25-1232.jpg,2018-03-25,12:32
tangsoy_2018-03-25-1302.jpg,2018-03-25,13:02
tangsoy_2018-03-25-1432.jpg,2018-03-25,14:32
tangsoy_2018-03-25-1502.jpg,2018-03-25,15:02
tangsoy_2018-03-25-1532.jpg,2018-03-25,15:32
tangsoy_2018-03-25-1632.jpg,2018-03-25,16:32
tangsoy_2018-03-26-0931.jpg,2018-03-26,09:31
tangsoy_2018-03-26-1001.jpg,2018-03-26,10:01
tangsoy_2018-03-26-1032.jpg,2018-03-26,10:32
tangsoy_2018-03-26-1133.jpg,2018-03-26,11:33
tangsoy_2018-03-26-1203.jpg,2018-03-26,12:03
tangsoy_2018-03-26-1233.jpg,2018-03-26,12:33
tangsoy_2018-03-26-1303.jpg,2018-03-26,13:03
tangsoy_2018-03-26-1333.jpg,2018-03-26,13:33
tangsoy_2018-03-26-1433.jpg,2018-03-26,14:33
tangsoy_2018-03-26-1503.jpg,2018-03-26,15:03
tangsoy_2018-03-26-1533.jpg,2018-03-26,15:33
tangsoy_2018-03-26-1603.jpg,2018-03-26,16:03
tangsoy_2018-03-26-1633.jpg,2018-03-26,16:33
tangsoy_2018-03-27-0931.jpg,2018-03-27,09:31
tangsoy_2018-03-27-1001.jpg,2018-03-27,10:01
tangsoy_2018-03-27-1031.jpg,2018-03-27,10:31
tangsoy_2018-03-27-1101.jpg,2018-03-27,11:01
tangsoy_2018-03-27-1131.jpg,2018-03-27,11:31
tangsoy_2018-03-27-1132.jpg,2018-03-27,11:32
tangsoy_2018-03-27-1202.jpg,2018-03-27,12:02
tangsoy_2018-03-27-1302.jpg,2018-03-27,13:02
tangsoy_2018-03-27-1332.jpg,2018-03-27,13:32
tangsoy_2018-03-27-1533.jpg,2018-03-27,15:33
tangsoy_2018-03-27-1603.jpg,2018-03-27,16:03
